Date,종목명,종목코드,체결(주수),상환(주수),잔고 주수,잔고 금액
2017-12-21,가온전선,000500,-,-,51651,1113
2017-12-21,강남제비스코,000860,532,532,36209,1293
2017-12-21,강원랜드,035250,238510,696077,3504669,122138
2017-12-21,갤럭시아에스엠,011420,-,-,119794,323
2017-12-21,경남기업,000800,-,-,-,-
2017-12-21,경남에너지,008020,-,-,-,-
2017-12-21,경남은행,192520,-,-,-,-
2017-12-21,경농,002100,-,-,174610,1058
2017-12-21,경동나비엔,009450,248,9994,335331,18041
2017-12-21,경동도시가스,267290,-,-,19312,688
2017-12-21,경동인베스트,012320,-,1170,14355,611
2017-12-21,경방,000050,512,793,540470,7837
2017-12-21,경보제약,214390,5000,14350,155089,1931
2017-12-21,경인양행,012610,-,32990,1571138,8170
2017-12-21,경인전자,009140,-,-,58,1
2017-12-21,계룡건설,013580,14,-,61984,970
2017-12-21,계양전기,012200,-,-,756780,3368
2017-12-21,고려개발,004200,-,-,225233,1336
2017-12-21,고려산업,002140,-,24542,583791,1582
2017-12-21,고려아연,010130,761,44783,348745,169839
2017-12-21,고려제강,002240,867,1037,119773,4252
2017-12-21,골든브릿지증권,001290,-,-,21382,30
2017-12-21,광동제약,009290,366,89,448649,3917
2017-12-21,광명전기,017040,3800,-,1721829,4184
2017-12-21,광전자,017900,-,-,745412,2046
2017-12-21,광주신세계,037710,6,27,11542,2574
2017-12-21,광주은행,192530,194,-,255183,3011
2017-12-21,교보증권,030610,-,640,99294,888
2017-12-21,국도화학,007690,28,1899,112649,7266
2017-12-21,국동,005320,-,-,206222,631
2017-12-21,국보,001140,3,-,22646,212
2017-12-21,국제약품,002720,-,3372,164016,768
2017-12-21,그린케미칼,083420,-,-,132494,607
2017-12-21,극동유화,014530,-,-,236591,759
2017-12-21,금강공업,014280,-,798,49098,1424
2017-12-21,금비,008870,-,-,46,3
2017-12-21,금양,001570,-,-,488234,1160
2017-12-21,금호산업,002990,14375,27578,988690,9561
2017-12-21,금호산업우,002995,-,-,60,1
2017-12-21,금호석유,011780,32955,151528,1791547,174138
2017-12-21,금호석유우,011785,387,127,66881,2341
2017-12-21,금호에이치티,214330,16,-,67093,340
2017-12-21,금호전기,001210,11,-,121714,852
2017-12-21,금호타이어,073240,1092,45075,21584470,92705
2017-12-21,기신정기,092440,4500,2500,397255,1919
2017-12-21,기아차,000270,151725,1126043,10607551,348988
2017-12-21,기업은행,024110,27499,822864,12281464,206329
2017-12-21,까뮤이앤씨,013700,7,-,2814,28
2017-12-21,깨끗한나라,004540,-,-,484390,1962
2017-12-21,나노메딕스,074610,60000,48820,334855,2310
2017-12-21,남광토건,001260,12,1612,31746,192
2017-12-21,남선알미늄,008350,-,-,2411311,2361
2017-12-21,남성,004270,1206,-,186485,389
2017-12-21,남양유업,003920,21,178,10308,7247
2017-12-21,남영비비안,002070,-,-,194,1
2017-12-21,남해화학,025860,299,13456,780343,6992
2017-12-21,넥센,005720,192,11049,253534,1889
2017-12-21,넥센우,005725,-,-,10000,53
2017-12-21,넥센타이어,002350,58971,111680,658462,7737
2017-12-21,넥센타이어1우B,002355,-,-,5600,32
2017-12-21,넥솔론,110570,-,-,-,-
2017-12-21,넥스트사이언스,003580,-,-,20132,87
2017-12-21,넷마블,251270,37776,166945,3828179,683330
2017-12-21,노루페인트,090350,-,-,187452,1655
2017-12-21,노루홀딩스,000320,-,994,100740,1687
2017-12-21,녹십자,006280,879,6327,164729,34758
2017-12-21,녹십자홀딩스,005250,438,25320,409553,15194
2017-12-21,녹십자홀딩스2우,005257,-,-,20000,522
2017-12-21,농심,004370,978,1837,51896,18345
2017-12-21,농심홀딩스,072710,22,755,50163,5869
2017-12-21,다스코,058730,-,-,76973,499
2017-12-21,다우기술,023590,34058,6524,618126,11868
2017-12-21,대교,019680,1067,5074,1240101,10280
2017-12-21,대교우B,019685,-,-,77639,395
2017-12-21,대구백화점,006370,-,-,31507,380
2017-12-21,대덕GDS,004130,4534,40533,769036,18572
2017-12-21,대덕전자,008060,344,253,1462578,14772
2017-12-21,대동공업,000490,3616,1000,264324,2445
2017-12-21,대동전자,008110,-,-,315,1
2017-12-21,대림B&Co,005750,-,3000,346873,2203
2017-12-21,대림산업,000210,22437,112066,1240792,101125
2017-12-21,대림산업우,000215,-,-,39908,1335
2017-12-21,대림씨엔에스,004440,-,-,40603,520
2017-12-21,대림통상,006570,-,-,31266,165
2017-12-21,대상,001680,1071,6416,860546,24052
2017-12-21,대상우,001685,-,-,17458,232
2017-12-21,대상홀딩스,084690,137,2450,203997,2009
2017-12-21,대성산업,128820,-,-,401322,1481
2017-12-21,대성에너지,117580,-,-,264272,1633
2017-12-21,대성합동지주,005620,-,-,-,-
2017-12-21,대성홀딩스,016710,-,5334,159638,1290
2017-12-21,대신증권,003540,48998,225039,1087962,16211
2017-12-21,대신증권2우B,003547,-,-,53805,499
2017-12-21,대신증권우,003545,2154,134359,151964,1520
2017-12-21,대양금속,009190,-,-,56441,172
2017-12-21,대영포장,014160,-,-,4015384,3449
2017-12-21,대우2791금호석유콜,522791,-,-,-,-
2017-12-21,대우건설,047040,51288,125977,11037106,63905
2017-12-21,대우부품,009320,18000,212,1300920,3369
2017-12-21,대우송도개발,004550,-,-,-,-
2017-12-21,대우조선해양,042660,300489,306734,1092028,16162
2017-12-21,대웅,003090,85520,26818,519148,9111
2017-12-21,대웅제약,069620,43371,50110,298967,44845
2017-12-21,대원강업,000430,-,-,146242,548
2017-12-21,대원전선,006340,-,-,1751388,1848
2017-12-21,대원전선우,006345,-,-,8190,18
2017-12-21,대원제약,003220,69,17884,198215,4083
2017-12-21,대원화성,024890,-,-,983381,2547
2017-12-21,대유에이텍,002880,-,15595,1301868,1373
2017-12-21,대유플러스,000300,-,-,1418901,1002
2017-12-21,대창,012800,-,-,2133256,2103
2017-12-21,대창단조,015230,-,-,31952,1892
2017-12-21,대한방직,001070,-,-,4038,301
2017-12-21,대한유화,006650,7266,11851,184509,47142
2017-12-21,대한전선,001440,157612,357744,18473674,19859
2017-12-21,대한제강,084010,-,-,510229,4842
2017-12-21,대한제당,001790,-,-,29813,735
2017-12-21,대한제분,001130,-,-,3216,526
2017-12-21,대한항공,003490,19127,13402,2507905,82385
2017-12-21,대한항공우,003495,-,-,4000,57
2017-12-21,대한해운,005880,92,86026,1149397,24884
2017-12-21,대한화섬,003830,-,-,41,5
2017-12-21,대현,016090,-,-,680788,1865
2017-12-21,대호에이엘,069460,20108,-,302478,337
2017-12-21,더존비즈온,012510,10153,20997,468450,15342
2017-12-21,덕성,004830,-,-,238855,842
2017-12-21,덕양산업,024900,1016,-,189855,276
2017-12-21,덴티움,145720,-,1950,119527,6933
2017-12-21,도레이케미칼,008000,175,-,537991,10437
2017-12-21,도화엔지니어링,002150,-,-,179137,869
2017-12-21,동국실업,001620,85,14386,1137331,1166
2017-12-21,동국제강,001230,9884,29056,2476515,26746
2017-12-21,동남합성,023450,12,6,64,4
2017-12-21,동방,004140,16000,-,1143196,1646
2017-12-21,동방아그로,007590,-,-,10419,73
2017-12-21,동부건설,005960,-,-,96255,942
2017-12-21,동부건설우,005965,-,-,3300,51
2017-12-21,동부제철,016380,2095,-,446447,3603
2017-12-21,동부제철우,016385,-,-,10550,252
2017-12-21,동서,026960,23093,25581,1574812,45827
2017-12-21,동성제약,002210,-,7194,629687,2849
2017-12-21,동성코퍼레이션,102260,10000,50000,577402,3257
2017-12-21,동성화학,005190,-,-,45413,761
2017-12-21,동아쏘시오홀딩스,000640,6054,995,343744,42624
2017-12-21,동아에스티,170900,427,1312,361171,33806
2017-12-21,동아지질,028100,-,7,210265,2418
2017-12-21,동아타이어,282690,-,2224,28685,286
2017-12-21,동양,001520,342106,680037,6803747,13607
2017-12-21,동양건설,005900,-,-,-,-
2017-12-21,동양고속,084670,62,-,8383,297
2017-12-21,동양네트웍스,030790,8000,8000,920585,1445
2017-12-21,동양물산,002900,180000,50000,2434741,3944
2017-12-21,동양생명,082640,14847,45861,412930,3242
2017-12-21,동양철관,008970,92868,7120,2504104,2176
2017-12-21,동양피스톤,092780,20,-,230,1
2017-12-21,동원F&B,049770,296,439,42445,9635
2017-12-21,동원금속,018500,144,-,134013,442
2017-12-21,동원산업,006040,13,-,21293,7048
2017-12-21,동원수산,030720,108,-,49420,457
2017-12-21,동원시스템즈,014820,1118,9021,289775,13677
2017-12-21,동일고무벨트,163560,-,-,167816,1440
2017-12-21,동일방직,001530,-,-,21114,1130
2017-12-21,동일산업,004890,-,-,31036,2045
2017-12-21,동일제강,002690,-,-,10447,33
2017-12-21,동화약품,000020,-,-,258416,2408
2017-12-21,두산,000150,5959,17396,416438,51847
2017-12-21,두산건설,011160,-,39478,758200,2199
2017-12-21,두산밥캣,241560,13642,11614,1850129,65772
2017-12-21,두산우,000155,-,-,50454,4001
2017-12-21,두산인프라코어,042670,425568,845476,53736228,468043
2017-12-21,두산중공업,034020,480928,667385,22211613,352054
2017-12-21,두올,016740,-,-,55809,326
2017-12-21,디씨엠,024090,-,-,135987,1700
2017-12-21,디아이,003160,-,-,884685,4264
2017-12-21,디아이씨,092200,-,-,1648817,13388
2017-12-21,디와이,013570,5000,4900,237104,1501
2017-12-21,디와이파워,210540,-,-,182875,3292
2017-12-21,디티알오토모티브,007340,621,819,99504,3060
2017-12-21,디피씨,026890,-,-,993276,3869
2017-12-21,락앤락,115390,111641,138653,1604521,40514
2017-12-21,로케트전기,000420,-,-,-,-
2017-12-21,롯데관광개발,032350,172,-,113211,1160
2017-12-21,롯데미도파,004010,-,-,-,-
2017-12-21,롯데손해보험,000400,718,542600,1798346,5251
2017-12-21,롯데쇼핑,023530,17271,23821,450684,86306
2017-12-21,롯데정밀화학,004000,3191,12908,1047966,64555
2017-12-21,롯데제과,280360,7,1646,76720,11124
2017-12-21,롯데지주,004990,79910,212517,1831245,111706
2017-12-21,롯데지주우,00499K,-,-,2,-
2017-12-21,롯데칠성,005300,44,156,72646,96111
2017-12-21,롯데칠성우,005305,-,-,120,67
2017-12-21,롯데케미칼,011170,1395,79250,509732,185797
2017-12-21,롯데푸드,002270,420,926,18817,10669
2017-12-21,롯데하이마트,071840,3751,4512,445118,30357
2017-12-21,마니커,027740,48016,-,934316,576
2017-12-21,만도,204320,8257,6393,598476,182535
2017-12-21,만호제강,001080,-,-,138,3
2017-12-21,맥쿼리인프라,088980,-,180595,2525623,21266
2017-12-21,맵스리얼티1,094800,-,-,239582,951
2017-12-21,메디플란트,015540,2394,-,101111,675
2017-12-21,메리츠금융지주,138040,541,1154,195591,3041
2017-12-21,메리츠종금증권,008560,18804,171391,13588858,62781
2017-12-21,메리츠화재,000060,54991,126339,823949,19981
2017-12-21,메타랩스,090370,11,-,287897,970
2017-12-21,명문제약,017180,-,3100,785954,4504
2017-12-21,모나리자,012690,-,-,745926,3469
2017-12-21,모나미,005360,30,-,567518,1623
2017-12-21,모두투어리츠,204210,13,-,30029,117
2017-12-21,모토닉,009680,-,6100,390315,3579
2017-12-21,무림P&P,009580,-,-,409090,1861
2017-12-21,무림페이퍼,009200,-,-,546302,1338
2017-12-21,무학,033920,5062,4791,260356,4973
2017-12-21,문배철강,008420,33,-,95515,267
2017-12-21,미래산업,025560,60000,54000,17096722,3642
2017-12-21,미래아이앤지,007120,30605,-,1151836,614
2017-12-21,미래에셋 인버스 전기전자 Core5 ETN,520005,-,-,2520,12
2017-12-21,미래에셋 전기전자 Core5 ETN,520004,-,-,1070,21
2017-12-21,미래에셋대우,006800,543017,1622815,11749903,105514
2017-12-21,미래에셋대우우,006805,-,-,322012,1951
2017-12-21,미래에셋생명,085620,50997,108000,883413,4753
2017-12-21,미래에셋증권,037620,-,-,-,-
2017-12-21,미원상사,002840,-,-,24,5
2017-12-21,미원에스씨,268280,-,-,2599,152
2017-12-21,미원홀딩스,107590,9,-,12105,520
2017-12-21,미원화학,134380,-,510,5063,313
2017-12-21,미창석유,003650,-,-,7218,632
2017-12-21,방림,003610,-,-,33387,671
2017-12-21,배명금속,011800,-,-,-,-
2017-12-21,백광산업,001340,1266,-,378787,979
2017-12-21,백광소재,014580,-,-,95781,278
2017-12-21,백산,035150,-,11756,465035,3125
2017-12-21,범양건영,002410,-,-,91225,161
2017-12-21,벽산,007210,92843,158400,2628919,9306
2017-12-21,벽산건설,002530,-,-,-,-
2017-12-21,보락,002760,96,2194,235283,246
2017-12-21,보령제약,003850,17693,10322,372613,15221
2017-12-21,보루네오,004740,-,-,-,-
2017-12-21,보해양조,000890,20000,-,4226990,4020
2017-12-21,봉신,005350,-,-,-,-
2017-12-21,부광약품,003000,15525,46889,709727,17850
2017-12-21,부국증권,001270,-,-,40990,1086
2017-12-21,부국증권우,001275,-,-,27825,658
2017-12-21,부국철강,026940,-,-,112633,310
2017-12-21,부산가스,015350,42,-,30332,1077
2017-12-21,부산산업,011390,-,-,1836,54
2017-12-21,부산주공,005030,36,30,393510,464
2017-12-21,비상교육,100220,-,10000,132528,1544
2017-12-21,빙그레,005180,996,2058,278719,17364
2017-12-21,사조대림,003960,-,-,17818,441
2017-12-21,사조동아원,008040,-,-,402672,558
2017-12-21,사조산업,007160,19,4140,44501,2964
2017-12-21,사조씨푸드,014710,4000,3400,293819,1816
2017-12-21,사조오양,006090,194,3000,74707,994
2017-12-21,사조해표,079660,-,-,60428,680
2017-12-21,삼광글라스,005090,18,1692,254722,10686
2017-12-21,삼부토건,001470,-,-,263114,1868
2017-12-21,삼성SDI,006400,11069,188590,996730,201339
2017-12-21,삼성SDI우,006405,-,4200,61068,5374
2017-12-21,삼성공조,006660,-,-,164364,1849
2017-12-21,삼성물산,028260,322410,438864,3777302,479717
2017-12-21,삼성물산,000830,-,-,-,-
2017-12-21,삼성물산우,000835,-,-,-,-
2017-12-21,삼성물산우B,02826K,-,-,8223,644
2017-12-21,삼성바이오로직스,207940,195700,482172,2810256,980779
2017-12-21,삼성생명,032830,5257,381682,3703923,461138
2017-12-21,삼성에스디에스,018260,11835,140824,2011070,395175
2017-12-21,삼성엔지니어링,028050,110294,771162,18794490,225534
2017-12-21,삼성이미징,108070,-,-,-,-
2017-12-21,삼성전기,009150,44798,224930,876952,86555
2017-12-21,삼성전기우,009155,294,49,21100,982
2017-12-21,삼성전자,005930,16181,46743,3207688,7881289
2017-12-21,삼성전자우,005935,4159,3317,199935,391073
2017-12-21,삼성제약,001360,54554,23052,2798711,10467
2017-12-21,삼성중공업,010140,1079794,2925207,65686568,472943
2017-12-21,삼성증권,016360,5104,256405,2023569,72646
2017-12-21,삼성출판사,068290,582,-,83075,897
2017-12-21,삼성카드,029780,72615,107422,852998,35229
2017-12-21,삼성화재,000810,8038,175874,969825,259428
2017-12-21,삼성화재우,000815,322,92,5643,1019
2017-12-21,삼아알미늄,006110,18,-,4831,16
2017-12-21,삼양사,145990,1541,10867,178797,16360
2017-12-21,삼양사우,145995,-,-,2400,121
2017-12-21,삼양식품,003230,17407,19814,185409,16687
2017-12-21,삼양제넥스,003940,-,-,-,-
2017-12-21,삼양통상,002170,-,-,21212,894
2017-12-21,삼양패키징,272550,23,-,265,5
2017-12-21,삼양홀딩스,000070,6381,2558,80135,9496
2017-12-21,삼양홀딩스우,000075,-,-,3900,221
2017-12-21,삼영무역,002810,-,-,216183,3729
2017-12-21,삼영전자,005680,8076,4308,109622,1420
2017-12-21,삼영화학,003720,17765,-,659132,722
2017-12-21,삼원강재,023000,-,-,141412,475
2017-12-21,삼익THK,004380,-,-,318324,6733
2017-12-21,삼익악기,002450,-,57033,3557366,8431
2017-12-21,삼일제약,000520,1532,-,52696,425
2017-12-21,삼정펄프,009770,-,-,86,4
2017-12-21,삼진제약,005500,1933,2402,207778,7397
2017-12-21,삼천리,004690,169,203,11952,1374
2017-12-21,삼호,001880,-,-,68994,1014
2017-12-21,삼호개발,010960,-,-,461257,2119
2017-12-21,삼화왕관,004450,-,-,1688,89
2017-12-21,삼화전기,009470,-,-,57948,765
2017-12-21,삼화전자,011230,-,-,64116,321
2017-12-21,삼화콘덴서,001820,-,50,317827,12173
2017-12-21,삼화페인트,000390,-,40868,255423,1903
2017-12-21,삼환기업,000360,-,-,-,-
2017-12-21,상신브레이크,041650,-,-,354852,2686
2017-12-21,새론오토모티브,075180,-,-,35852,261
2017-12-21,샘표,007540,-,-,24214,731
2017-12-21,샘표식품,248170,-,-,39043,1322
2017-12-21,서연,007860,2000,4228,1562481,11500
2017-12-21,서연이화,200880,21302,15909,207966,2121
2017-12-21,서울가스,017390,19,-,12712,1214
2017-12-21,서울식품,004410,-,-,5110303,1267
2017-12-21,서울식품우,004415,-,-,5500,28
2017-12-21,서원,021050,-,-,699377,759
2017-12-21,서흥,008490,44,337,208295,6645
2017-12-21,선도전기,007610,412,-,421282,1268
2017-12-21,선진,136490,-,-,134725,2088
2017-12-21,선창산업,002820,-,-,132943,1024
2017-12-21,성문전자,014910,27,-,476107,1016
2017-12-21,성보화학,003080,388,-,114908,757
2017-12-21,성신양회,004980,262,24000,324435,1752
2017-12-21,성신양회3우B,004989,-,-,14000,120
2017-12-21,성안,011300,-,-,328968,207
2017-12-21,성지건설,005980,-,9000,2847456,2042
2017-12-21,성창기업지주,000180,7400,-,1151302,3034
2017-12-21,세기상사,002420,-,-,1000,73
2017-12-21,세방,004360,-,6868,101193,1245
2017-12-21,세방우,004365,-,-,13682,107
2017-12-21,세방전지,004490,3887,6116,215072,7861
2017-12-21,세아베스틸,001430,3461,17513,419356,12329
2017-12-21,세아제강지주,003030,4103,1270,103866,10075
2017-12-21,세아특수강,019440,-,-,21784,459
2017-12-21,세아홀딩스,058650,15,-,5638,846
2017-12-21,세우글로벌,013000,38,114,539593,871
2017-12-21,세원셀론텍,091090,3330,-,2506498,7469
2017-12-21,세원정공,021820,-,-,683,10
2017-12-21,세이브존I&C,067830,-,-,304011,1479
2017-12-21,세종공업,033530,-,12474,771076,6099
2017-12-21,세진중공업,075580,-,-,192649,547
2017-12-21,세하,027970,-,-,108792,158
2017-12-21,세화아이엠씨,145210,45,-,72443,163
2017-12-21,셀트리온,068270,370505,980557,17131714,3380087
2017-12-21,송원산업,004430,11910,23838,173378,4551
2017-12-21,수산중공업,017550,-,-,505890,693
2017-12-21,수출포장,002200,-,-,29552,476
2017-12-21,스카이라이프,053210,181,-,218112,2923
2017-12-21,시디즈,134790,-,-,1351,53
2017-12-21,신대양제지,016590,456,-,51052,1675
2017-12-21,신도리코,029530,65,142,120199,7729
2017-12-21,신라교역,004970,-,-,43462,689
2017-12-21,신성에프에이,104120,-,-,-,-
2017-12-21,신성이엔지,011930,168654,54200,4680449,9127
2017-12-21,신성이엔지,104110,-,-,-,-
2017-12-21,신성통상,005390,20000,-,1852319,1945
2017-12-21,신세계,004170,21497,42510,442914,124459
2017-12-21,신세계 I&C,035510,-,-,15478,1251
2017-12-21,신세계건설,034300,-,-,32205,849
2017-12-21,신세계인터내셔날,031430,2027,-,106286,7589
2017-12-21,신세계푸드,031440,15,-,84157,11235
2017-12-21,신송홀딩스,006880,-,-,97793,564
2017-12-21,신영와코루,005800,-,-,3497,532
2017-12-21,신영증권,001720,2036,939,26651,1570
2017-12-21,신영증권우,001725,-,-,10268,574
2017-12-21,신원,009270,-,-,1295255,2616
2017-12-21,신일산업,002700,-,12000,1616126,2198
2017-12-21,신풍제약,019170,2939,7732,1706280,11876
2017-12-21,신풍제지,002870,56,-,61927,52
2017-12-21,신한,005450,-,-,122098,602
2017-12-21,신한 인버스 은 선물 ETN(H),500007,-,-,202500,1821
2017-12-21,신한지주,055550,51118,2350186,11314882,573665
2017-12-21,신화실업,001770,-,-,38,1
2017-12-21,신흥,004080,-,-,4316,44
2017-12-21,쌍방울,102280,410000,-,5396545,6206
2017-12-21,쌍용양회,003410,32295,49731,1094419,20739
2017-12-21,쌍용차,003620,1836,59091,913933,4606
2017-12-21,써니전자,004770,5560,14000,1181074,3130
2017-12-21,씨아이테크,004920,-,-,784160,517
2017-12-21,씨에스윈드,112610,-,-,240166,6100
2017-12-21,아남전자,008700,-,-,3448571,7087
2017-12-21,아모레G,002790,35175,142140,2549190,347964
2017-12-21,아모레G우,002795,522,168,41919,2524
2017-12-21,아모레퍼시픽,090430,89569,162350,2751833,826926
2017-12-21,아모레퍼시픽우,090435,1443,14425,33909,5476
2017-12-21,아세아,002030,-,-,-,-
2017-12-21,아세아시멘트,183190,48,8306,24156,2718
2017-12-21,아세아제지,002310,-,17400,89799,1625
2017-12-21,아시아10호,083570,-,-,-,-
2017-12-21,아시아나항공,020560,47872,-,2256568,10076
2017-12-21,아이마켓코리아,122900,23415,60068,711747,6441
2017-12-21,아이에스동서,010780,3059,6640,407285,14479
2017-12-21,아주캐피탈,033660,218,-,186420,1344
2017-12-21,아티스,101140,33,24000,271856,707
2017-12-21,알루코,001780,282,-,1025276,3506
2017-12-21,알보젠코리아,002250,-,2000,6624,185
2017-12-21,알앤엘바이오,003190,-,-,-,-
2017-12-21,애경유화,161000,5801,17200,732349,12230
2017-12-21,에넥스,011090,19178,10000,1953155,3672
2017-12-21,에스엘,005850,23778,72658,426647,10133
2017-12-21,에스와이코퍼레이션,008080,-,-,-,-
2017-12-21,에스원,012750,23604,75979,482151,49179
2017-12-21,에쓰씨엔지니어링,023960,2716,-,84240,309
2017-12-21,에이블씨엔씨,078520,3860,46928,1230970,19880
2017-12-21,에이엔피,015260,78,50900,2174083,1839
2017-12-21,에이프로젠 KIC,007460,2000,6000,381689,5458
2017-12-21,에이프로젠제약,003060,53298,1149415,8869043,33082
2017-12-21,에프지엔개발리츠,119250,-,-,-,-
2017-12-21,엔씨소프트,036570,89878,124846,2527339,1101920
2017-12-21,엔에스쇼핑,138250,33734,71504,275496,4642
2017-12-21,엔케이,085310,14016,4400,4176771,5158
2017-12-21,엔케이물산,009810,-,-,925342,502
2017-12-21,엘브이엠씨홀딩스,900140,10000,2980,1105061,5194
2017-12-21,영보화학,014440,-,-,49429,237
2017-12-21,영원무역,111770,49704,101945,1008695,32177
2017-12-21,영원무역홀딩스,009970,2419,3279,33174,1848
2017-12-21,영진약품,003520,154740,123997,11063571,95147
2017-12-21,영풍,000670,1094,610,11087,11564
2017-12-21,영풍제지,006740,10036,-,67380,196
2017-12-21,영화금속,012280,-,-,643757,885
2017-12-21,영흥철강,012160,-,12570,440709,542
2017-12-21,예스코홀딩스,015360,-,15,42023,1620
2017-12-21,오뚜기,007310,3626,9055,63061,49692
2017-12-21,오렌지라이프,079440,64890,27205,2221361,122175
2017-12-21,오리엔트바이오,002630,-,-,6566533,6895
2017-12-21,오리온,271560,24324,14432,993670,110297
2017-12-21,오리온홀딩스,001800,6526,22521,1300719,34404
2017-12-21,온미디어,045710,-,-,-,-
2017-12-21,외환은행,004940,-,-,-,-
2017-12-21,용평리조트,070960,182,1234,838322,8383
2017-12-21,우리금융,053000,-,-,-,-
2017-12-21,우리들제약,004720,5000,-,1215839,13557
2017-12-21,우리들휴브레인,118000,32,-,566470,1977
2017-12-21,우리은행,000030,134348,2086718,24089306,391451
2017-12-21,우리종금,010050,-,-,14350451,7276
2017-12-21,우성사료,006980,-,-,1538037,4499
2017-12-21,우신시스템,017370,40000,-,481315,4019
2017-12-21,우진,105840,324,-,313623,1526
2017-12-21,우진플라임,049800,76,-,249927,1892
2017-12-21,웅진,016880,1026,-,777643,1738
2017-12-21,웅진씽크빅,095720,6886,13681,777691,5366
2017-12-21,웅진에너지,103130,1942,32000,1457433,11659
2017-12-21,원림,005820,-,-,73,2
2017-12-21,웰바이오텍,010600,1402,-,160771,603
2017-12-21,윌비스,008600,-,27260,2800478,4439
2017-12-21,유나이티드제약,033270,6966,28682,654100,18936
2017-12-21,유니드,014830,61,3429,102677,4672
2017-12-21,유니온,000910,-,-,107579,420
2017-12-21,유니온머티리얼,047400,8474,-,567224,1376
2017-12-21,유니온스틸,003640,-,-,-,-
2017-12-21,유니켐,011330,364,-,653000,875
2017-12-21,유니퀘스트,077500,3860,-,514590,4431
2017-12-21,유성기업,002920,-,-,175802,639
2017-12-21,유수홀딩스,000700,-,4884,605817,3580
2017-12-21,유안타증권,003470,11489,79596,2766061,9820
2017-12-21,유안타증권우,003475,-,-,30000,74
2017-12-21,유양디앤유,011690,23000,-,982208,4223
2017-12-21,유엔젤,072130,-,-,118387,506
2017-12-21,유유제약,000220,422,-,60902,670
2017-12-21,유진투자증권,001200,3222,134600,1149998,3818
2017-12-21,유한양행,000100,702,30919,260032,56687
2017-12-21,유화증권,003460,-,-,20631,339
2017-12-21,유화증권우,003465,-,-,3960,62
2017-12-21,율촌화학,008730,5206,535,251316,5102
2017-12-21,이건산업,008250,-,-,278387,2556
2017-12-21,이구산업,025820,-,-,292383,594
2017-12-21,이노션,214320,3818,441,322098,24190
2017-12-21,이마트,139480,2464,48212,661913,180702
2017-12-21,이수페타시스,007660,-,16000,1874313,7582
2017-12-21,이수화학,005950,-,17082,331802,5176
2017-12-21,이스타코,015020,69,152764,1067170,814
2017-12-21,이아이디,093230,197,4400,3118002,1129
2017-12-21,이연제약,102460,3035,13056,257199,5183
2017-12-21,이월드,084680,2000,2000,504103,875
2017-12-21,이화산업,000760,-,-,374,6
2017-12-21,인디에프,014990,-,-,632074,645
2017-12-21,인스코비,006490,-,-,2371109,4790
2017-12-21,인지컨트롤스,023800,-,14106,533577,3025
2017-12-21,인천도시가스,034590,-,-,13696,418
2017-12-21,인터지스,129260,-,-,331218,1022
2017-12-21,인팩,023810,-,-,221098,1013
2017-12-21,일동제약,249420,74,2092,184699,4608
2017-12-21,일동홀딩스,000230,-,30878,428214,6423
2017-12-21,일성건설,013360,-,-,323558,319
2017-12-21,일성신약,003120,10,-,13592,1835
2017-12-21,일신방직,003200,-,-,26346,2872
2017-12-21,일신석재,007110,1758,-,1438713,1669
2017-12-21,일양약품,007570,39393,80277,1021015,36859
2017-12-21,일정실업,008500,-,-,11038,282
2017-12-21,일진다이아,081000,10000,14000,180670,3135
2017-12-21,일진디스플,020760,-,-,939792,6654
2017-12-21,일진머티리얼즈,020150,5647,61751,2247897,77328
2017-12-21,일진전기,103590,-,-,600604,2667
2017-12-21,일진홀딩스,015860,-,4298,1144383,5733
2017-12-21,잇츠한불,226320,83,8078,337388,15182
2017-12-21,자화전자,033240,79,22282,546062,13406
2017-12-21,전기초자,009720,-,-,-,-
2017-12-21,전방,000950,-,-,258,5
2017-12-21,전북은행,006350,-,-,-,-
2017-12-21,제이에스코퍼레이션,194370,-,-,72953,916
2017-12-21,제이준코스메틱,025620,17830,35582,1306096,19853
2017-12-21,제일기획,030000,9375,225629,3307249,71106
2017-12-21,제일모직,001300,-,-,-,-
2017-12-21,제일약품,271980,6606,10904,46034,2716
2017-12-21,제일연마,001560,-,-,407,2
2017-12-21,제일파마홀딩스,002620,146,836,69338,2371
2017-12-21,제주은행,006220,2752,2752,79402,558
2017-12-21,제주항공,089590,100,1500,39445,1402
2017-12-21,조광페인트,004910,-,-,266968,2710
2017-12-21,조광피혁,004700,20,2800,33027,1306
2017-12-21,조비,001550,546,-,6959,81
2017-12-21,조선내화,000480,15,-,9212,808
2017-12-21,조선선재,120030,250,250,7146,582
2017-12-21,조일알미늄,018470,-,-,530957,603
2017-12-21,조흥,002600,-,-,35,10
2017-12-21,종근당,185750,74,779,234674,30273
2017-12-21,종근당바이오,063160,-,-,117595,2434
2017-12-21,종근당홀딩스,001630,10165,2408,276140,19109
2017-12-21,주연테크,044380,-,-,1098990,675
2017-12-21,중국원양자원,900050,-,-,-,-
2017-12-21,지비베트남1,094950,-,-,-,-
2017-12-21,지엠비코리아,013870,1522,1136,413339,3290
2017-12-21,지역난방공사,071320,44,-,38795,2894
2017-12-21,지코,010580,72,-,376171,235
2017-12-21,지투알,035000,-,-,95232,952
2017-12-21,진도,088790,-,-,84021,462
2017-12-21,진양산업,003780,-,-,100401,303
2017-12-21,진양폴리,010640,-,-,108223,178
2017-12-21,진양홀딩스,100250,-,90000,768342,2301
2017-12-21,진양화학,051630,-,-,82651,189
2017-12-21,진에어,272450,48,-,528,14
2017-12-21,진원생명과학,011000,30480,-,888678,5172
2017-12-21,진흥기업,002780,-,-,733337,1397
2017-12-21,참엔지니어링,009310,-,12260,615112,1673
2017-12-21,천일고속,000650,-,-,2362,234
2017-12-21,청호컴넷,012600,13,-,25644,83
2017-12-21,체시스,033250,-,-,330123,327
2017-12-21,카카오,035720,650400,27653,10542304,1359957
2017-12-21,카프로,006380,-,78698,2303055,17020
2017-12-21,컨버즈,109070,5400,-,458367,1744
2017-12-21,케이씨,029460,12150,35961,449308,11435
2017-12-21,케이씨텍,281820,32,11940,80176,1820
2017-12-21,케이탑리츠,145270,-,-,187902,193
2017-12-21,케이티스,058860,-,-,491559,1445
2017-12-21,케이피케미칼,064420,-,-,-,-
2017-12-21,코리아02호,090980,-,-,-,-
2017-12-21,코리아써키트,007810,-,25560,704005,9152
2017-12-21,코리아오토글라스,152330,97,395,201301,3402
2017-12-21,코리안리,003690,1911,45794,1247504,13972
2017-12-21,코스맥스,192820,27917,14336,3617954,419683
2017-12-21,코스맥스비티아이,044820,4316,18652,243171,7636
2017-12-21,코스모신소재,005070,-,132,593208,7919
2017-12-21,코스모화학,005420,20000,-,1325759,29432
2017-12-21,코아스,071950,50,-,254169,272
2017-12-21,코오롱,002020,38943,22474,665885,37623
2017-12-21,코오롱글로벌,003070,-,-,1080703,10407
2017-12-21,코오롱글로벌우,003075,-,-,1650,29
2017-12-21,코오롱머티리얼,144620,8400,10346,339778,985
2017-12-21,코오롱아이넷,022520,-,-,-,-
2017-12-21,코오롱우,002025,-,-,800,21
2017-12-21,코오롱인더,120110,630,42812,1513913,121870
2017-12-21,코오롱인더우,120115,-,-,42663,1446
2017-12-21,코오롱플라스틱,138490,-,6612,402883,3054
2017-12-21,코웨이,021240,26469,24506,1532296,153996
2017-12-21,콤텍시스템,031820,51,16140,478679,696
2017-12-21,쿠쿠홀딩스,192400,-,-,325710,53742
2017-12-21,큐로,015590,145,-,3915216,2459
2017-12-21,크라운제과,264900,-,23280,234544,3260
2017-12-21,크라운해태홀딩스,005740,5005,19120,210426,3135
2017-12-21,키다리스튜디오,020120,25,-,14124,38
2017-12-21,키움증권,039490,4379,9510,543671,45179
2017-12-21,키위미디어그룹,012170,40000,6880,6744498,5436
2017-12-21,태경산업,015890,-,-,142207,765
2017-12-21,태경화학,006890,1587,1568,126742,586
2017-12-21,태광산업,003240,7,1263,14848,18204
2017-12-21,태림페이퍼,019300,-,-,-,-
2017-12-21,태림포장,011280,600,-,448059,1122
2017-12-21,태양금속,004100,-,-,454419,779
2017-12-21,태양금속우,004105,-,-,12055,41
2017-12-21,태영건설,009410,42025,9200,622867,5544
2017-12-21,태영건설우,009415,-,-,19037,92
2017-12-21,태원물산,001420,12,-,112715,404
2017-12-21,태평양물산,007980,30000,103500,1357016,4790
2017-12-21,테이팩스,055490,8,-,8396,253
2017-12-21,텔코웨어,078000,-,-,65971,825
2017-12-21,토니모리,214420,67,2000,528032,9769
2017-12-21,티에이치엔,019180,29,-,202253,358
2017-12-21,티웨이홀딩스,004870,1570,-,664709,2207
2017-12-21,티이씨앤코,008900,-,-,-,-
2017-12-21,파미셀,005690,3239,31814,4395705,23121
2017-12-21,파워 고배당저변동성,192720,-,-,2461,79
2017-12-21,파워 코스피100,140950,-,-,2070000,51181
2017-12-21,파워 200,152870,-,-,4682183,152780
2017-12-21,팜스코,036580,655,803,362858,4173
2017-12-21,팬오션,028670,591096,1088175,36138254,189003
2017-12-21,퍼스텍,010820,3784,22428,1367125,4375
2017-12-21,퍼시스,016800,44,-,5071,167
2017-12-21,페이퍼코리아,001020,54636,7835,2166579,3033
2017-12-21,평화산업,090080,60,-,44972,64
2017-12-21,평화홀딩스,010770,-,-,11507,39
2017-12-21,포스코강판,058430,-,-,88109,2467
2017-12-21,포스코대우,047050,107820,197985,3236767,57938
2017-12-21,포스코플랜텍,051310,-,-,-,-
2017-12-21,폴루스바이오팜,007630,24268,10414,256985,2544
2017-12-21,풀무원,017810,14,-,35963,5754
2017-12-21,풍산,103140,2180,3327,1410632,65171
2017-12-21,풍산홀딩스,005810,30,1219,23976,1266
2017-12-21,필룩스,033180,4820,6000,756586,2266
2017-12-21,하나금융지주,086790,24779,1315132,18927641,961524
2017-12-21,하나투어,039130,44,6343,380613,37224
2017-12-21,하이골드3호,153360,-,-,5000,9
2017-12-21,하이스틸,071090,-,-,6163,135
2017-12-21,하이트론,019490,9,-,23978,96
2017-12-21,하이트맥주,103150,-,-,-,-
2017-12-21,하이트진로,000080,1318,20154,1544337,37759
2017-12-21,하이트진로홀딩스,000140,-,-,236588,2401
2017-12-21,하이트진로홀딩스우,000145,-,-,20000,195
2017-12-21,한국ANKOR유전,152550,-,-,18554,35
2017-12-21,한국가스공사,036460,10268,7710,489792,21037
2017-12-21,한국공항,005430,-,-,12689,673
2017-12-21,한국금융지주,071050,3520,185318,1306878,87561
2017-12-21,한국금융지주우,071055,816,336,19690,695
2017-12-21,한국내화,010040,-,-,167335,499
2017-12-21,한국단자,025540,3349,2641,123556,8254
2017-12-21,한국석유,004090,-,-,2168,212
2017-12-21,한국쉘석유,002960,102,1,12767,5113
2017-12-21,한국유리,002000,-,-,10902,363
2017-12-21,한국유리우,002005,-,-,-,-
2017-12-21,한국자산신탁,123890,10854,42390,596939,4835
2017-12-21,한국전력,015760,437500,1467467,2376007,91951
2017-12-21,한국전자홀딩스,006200,75,-,778750,632
2017-12-21,한국제지,002300,38,-,29193,660
2017-12-21,한국종합기술,023350,-,-,70114,361
2017-12-21,한국주강,025890,-,-,22397,51
2017-12-21,한국주철관,000970,-,10200,252531,2328
2017-12-21,한국철강,104700,35,-,76223,2935
2017-12-21,한국카본,017960,2000,10009,2434359,12683
2017-12-21,한국콜마,161890,142634,82124,3076744,249832
2017-12-21,한국콜마홀딩스,024720,4763,11534,250046,9639
2017-12-21,한국타이어,161390,9906,340173,1797595,96171
2017-12-21,한국타이어월드와이드,000240,51260,50244,2029743,37144
2017-12-21,한국토지신탁,034830,70495,73190,4344863,13795
2017-12-21,한국특수형강,007280,-,1214,261974,534
2017-12-21,한국패러랠,168490,-,-,218836,527
2017-12-21,한국프랜지,010100,-,-,74048,730
2017-12-21,한국항공우주,047810,233491,66960,14374606,674888
2017-12-21,한국화장품,123690,-,10926,473794,7960
2017-12-21,한국화장품제조,003350,200,21,44506,2009
2017-12-21,한농화성,011500,252,-,57797,238
2017-12-21,한독,002390,5200,-,61522,1504
2017-12-21,한라,014790,-,-,409181,1565
2017-12-21,한라홀딩스,060980,604,3589,293448,18722
2017-12-21,한미글로벌,053690,-,-,107293,968
2017-12-21,한미반도체,042700,269,110798,1642045,18801
2017-12-21,한미사이언스,008930,13711,58391,1618606,169144
2017-12-21,한미약품,128940,1662,25257,578469,319893
2017-12-21,한샘,009240,38297,34113,779066,139453
2017-12-21,한섬,020000,11896,11480,611768,19148
2017-12-21,한성기업,003680,-,-,27846,184
2017-12-21,한세실업,105630,5153,20462,2393065,67006
2017-12-21,한세엠케이,069640,-,-,159362,1896
2017-12-21,한세예스24홀딩스,016450,235,1293,212684,2233
2017-12-21,한솔PNS,010420,33,-,681594,944
2017-12-21,한솔로지스틱스,009180,-,-,158172,327
2017-12-21,한솔아트원제지,007190,-,-,-,-
2017-12-21,한솔제지,213500,21090,39258,188828,2625
2017-12-21,한솔케미칼,014680,17049,40380,579826,41863
2017-12-21,한솔테크닉스,004710,33757,78987,1148484,18835
2017-12-21,한솔홀딩스,004150,23508,49272,844008,3587
2017-12-21,한솔홈데코,025750,1284,94000,3133824,4293
2017-12-21,한신공영,004960,-,-,421776,8393
2017-12-21,한신기계,011700,-,6000,872060,3227
2017-12-21,한양증권,001750,-,-,135770,1050
2017-12-21,한온시스템,018880,186748,1035263,9470021,124057
2017-12-21,한올바이오파마,009420,360029,184073,2584176,53105
2017-12-21,한익스프레스,014130,18,-,8490,391
2017-12-21,한일철강,002220,-,-,9672,252
2017-12-21,한일현대시멘트,006390,63,-,85567,1228
2017-12-21,한일홀딩스,003300,1675,2899,103619,15750
2017-12-21,한전KPS,051600,85718,48135,1472134,59033
2017-12-21,한전기술,052690,41145,72793,1988811,47035
2017-12-21,한전산업,130660,-,22916,449455,1901
2017-12-21,한진,002320,7769,18613,553209,14134
2017-12-21,한진중공업,097230,133038,487946,9526570,31438
2017-12-21,한진중공업홀딩스,003480,-,-,662154,2566
2017-12-21,한진칼,180640,4149,373518,3412591,61939
2017-12-21,한진칼우,18064K,-,-,1388,16
2017-12-21,한진해운,117930,-,-,-,-
2017-12-21,한창,005110,-,608,944414,1558
2017-12-21,한창제지,009460,-,-,273494,271
2017-12-21,한화,000880,6680,82458,3466340,140387
2017-12-21,한화3우B,00088K,3592,18964,69827,1292
2017-12-21,한화갤러리아타임월드,027390,8000,-,115239,4137
2017-12-21,한화생명,088350,39030,1230283,26941175,189935
2017-12-21,한화손해보험,000370,9947,2761,1040488,8501
2017-12-21,한화에어로스페이스,012450,92761,82682,9129472,321814
2017-12-21,한화케미칼,009830,17371,313819,7974102,240419
2017-12-21,한화케미칼우,009835,-,-,21232,341
2017-12-21,한화투자증권,003530,95571,852494,7164057,18913
2017-12-21,한화투자증권우,003535,-,-,52000,125
2017-12-21,한화화인케미칼,025850,-,-,-,-
2017-12-21,해성디에스,195870,-,-,328222,5399
2017-12-21,해태제과식품,101530,13078,154231,259799,4001
2017-12-21,핸즈코퍼레이션,143210,-,-,26406,239
2017-12-21,현대건설,000720,66300,356734,3701833,131415
2017-12-21,현대건설기계,267270,-,15655,29321,4750
2017-12-21,현대그린푸드,005440,3909,119247,1240427,18544
2017-12-21,현대글로비스,086280,14280,52106,760354,106450
2017-12-21,현대로템,064350,98544,243260,1198906,22839
2017-12-21,현대리바트,079430,2568,5812,399325,12699
2017-12-21,현대모비스,012330,21535,363785,2644563,684942
2017-12-21,현대미포조선,010620,1914,13354,1126805,105244
2017-12-21,현대백화점,069960,21603,52806,676193,69986
2017-12-21,현대비앤지스틸,004560,-,-,233874,2678
2017-12-21,현대상사,011760,3900,1010,139305,2716
2017-12-21,현대상선,011200,89110,502975,47307830,223529
2017-12-21,현대약품,004310,29000,52100,966459,3383
2017-12-21,현대에이치씨엔,126560,4641,4214,140724,549
2017-12-21,현대엘리베이,017800,18850,25157,917454,49543
2017-12-21,현대위아,011210,25455,67628,5397034,337854
2017-12-21,현대일렉트릭,267260,216,10953,214595,23927
2017-12-21,현대제철,004020,94232,462045,2193507,127223
2017-12-21,현대중공업,009540,3403,20559,2238674,301102
2017-12-21,현대중공업지주,267250,996,2218,322866,121236
2017-12-21,현대증권,003450,-,-,-,-
2017-12-21,현대증권2우B,003457,-,-,-,-
2017-12-21,현대차,005380,23682,622527,4036773,605516
2017-12-21,현대차2우B,005387,16770,6686,1697318,173975
2017-12-21,현대차3우B,005389,-,-,12015,1039
2017-12-21,현대차우,005385,1400,25400,499174,45475
2017-12-21,현대차증권,001500,47,-,329648,3676
2017-12-21,현대코퍼레이션홀딩스,227840,5000,14602,152785,2200
2017-12-21,현대페인트,011720,-,-,-,-
2017-12-21,현대하이스코,010520,-,-,-,-
2017-12-21,현대해상,001450,35846,262409,2881582,136731
2017-12-21,현대홈쇼핑,057050,614,273,43284,5346
2017-12-21,형지엘리트,093240,4000,-,303886,1367
2017-12-21,혜인,003010,-,-,270801,891
2017-12-21,호전실업,111110,-,-,12749,172
2017-12-21,호텔신라,008770,82290,561301,2326807,188704
2017-12-21,호텔신라우,008775,-,-,13908,705
2017-12-21,화성산업,002460,1368,1368,283810,4371
2017-12-21,화승알앤에이,013520,-,-,1151705,3075
2017-12-21,화승엔터프라이즈,241590,102,307,415651,9290
2017-12-21,화승인더,006060,209,188009,2323209,22930
2017-12-21,화신,010690,-,7394,530993,2228
2017-12-21,화인베스틸,133820,-,-,169136,350
2017-12-21,화천기계,010660,-,-,8262,178
2017-12-21,화천기공,000850,-,-,26774,1502
2017-12-21,환인제약,016580,21780,-,345303,7528
2017-12-21,황금에스티,032560,-,-,403798,3412
2017-12-21,효성,004800,11194,80953,1297999,176528
2017-12-21,효성ITX,094280,-,-,60879,749
2017-12-21,후성,093370,240936,528309,7979002,77077
2017-12-21,휠라코리아,081660,380,52213,1211377,96304
2017-12-21,휴니드,005870,16200,10292,257320,2740
2017-12-21,휴비스,079980,203,-,164234,1642
2017-12-21,휴스틸,005010,20,20,269582,4219
2017-12-21,휴켐스,069260,2186,3557,728111,18094
2017-12-21,흥국화재,000540,9372,332,285380,1490
2017-12-21,흥국화재우,000545,-,-,2000,10
2017-12-21,흥아해운,003280,-,-,11397377,8468
2017-12-21,AJ네트웍스,095570,-,-,184720,1300
2017-12-21,AJ렌터카,068400,-,53500,1032171,9971
2017-12-21,AK홀딩스,006840,10157,8048,339654,22417
2017-12-21,ARIRANG 고배당주,161510,-,-,10000,141
2017-12-21,ARIRANG 국채선물10년,289670,-,-,-,-
2017-12-21,ARIRANG 단기유동성,190160,-,-,70000,7522
2017-12-21,ARIRANG 스마트베타 Quality,222200,200,100,100,1
2017-12-21,ARIRANG 200,152100,200000,1067505,2826698,91048
2017-12-21,BGF,027410,13020,96226,822196,11634
2017-12-21,BGF리테일,282330,5506,9863,377673,83277
2017-12-21,BNK금융지주,138930,334089,1065011,10029892,95184
2017-12-21,BYC,001460,-,-,4375,1376
2017-12-21,CJ,001040,24516,99110,638790,115940
2017-12-21,CJ대한통운,000120,73242,28778,2025140,285545
2017-12-21,CJ씨푸드,011150,-,-,933289,2595
2017-12-21,CJ씨푸드1우,011155,176,-,750,20
2017-12-21,CJ우,001045,234,39,22142,1718
2017-12-21,CJ제일제당,097950,31053,41673,636043,232156
2017-12-21,CJ제일제당,097959,-,-,-,-
2017-12-21,CJ제일제당 우,097955,267,1952,21271,3244
2017-12-21,CJ헬로,037560,293,-,87482,606
2017-12-21,CJ CGV,079160,20340,167741,2030375,148826
2017-12-21,CS홀딩스,000590,-,-,41,3
2017-12-21,DB,012030,-,-,3083407,2029
2017-12-21,DB금융투자,016610,38,-,131464,528
2017-12-21,DB손해보험,005830,5919,290743,2099753,148663
2017-12-21,DB하이텍,000990,43147,46236,3848564,43489
2017-12-21,DGB금융지주,139130,16092,295486,2780829,29894
2017-12-21,DRB동일,004840,-,2800,249683,1928
2017-12-21,DSR,155660,-,-,209154,1065
2017-12-21,DSR제강,069730,-,-,399300,2028
2017-12-21,E1,017940,5026,2669,55103,3157
2017-12-21,F&F,007700,-,2043,194651,8010
2017-12-21,GKL,114090,34409,192705,2594830,75899
2017-12-21,GS,078930,9467,182074,1671102,103274
2017-12-21,GS건설,006360,15752,81045,13812831,377781
2017-12-21,GS글로벌,001250,-,60053,1042764,2805
2017-12-21,GS리테일,007070,161894,143794,4081752,154494
2017-12-21,GS우,078935,-,-,16687,687
2017-12-21,HDC,012630,18299,217659,3081926,121736
2017-12-21,HDC아이콘트롤스,039570,20,-,129424,1870
2017-12-21,HDC현대EP,089470,-,5891,562009,3805
2017-12-21,HSD엔진,082740,46549,-,2841597,10883
2017-12-21,IHQ,003560,7548,170000,1862505,4377
2017-12-21,JB금융지주,175330,588,10692,1747695,10469
2017-12-21,JW생명과학,234080,-,-,84736,3461
2017-12-21,JW중외제약,001060,23288,59014,906472,38978
2017-12-21,JW홀딩스,096760,30475,22454,3742903,29195
2017-12-21,KB금융,105560,127790,2424671,10308054,638069
2017-12-21,KB손해보험,002550,-,-,-,-
2017-12-21,KB캐피탈,021960,-,-,-,-
2017-12-21,KB 코스피200선물플러스 ETN,580001,-,-,-,-
2017-12-21,KBSTAR 단기국공채액티브,272560,-,-,10000,1005
2017-12-21,KBSTAR 단기통안채,196230,-,-,55000,5728
2017-12-21,KBSTAR 코스닥150,270810,-,-,4000,50
2017-12-21,KBSTAR 헬스케어,253280,-,-,10296,120
2017-12-21,KBSTAR 200,148020,-,364730,6324831,203786
2017-12-21,KBSTAR V&S셀렉트밸류,234310,-,-,9108,106
2017-12-21,KC그린홀딩스,009440,-,-,698977,3663
2017-12-21,KC코트렐,119650,1224,612,373763,1764
2017-12-21,KCC,002380,4373,23163,163065,61149
2017-12-21,KCTC,009070,-,-,181286,453
2017-12-21,KEC,092220,-,596,5554940,6610
2017-12-21,KG케미칼,001390,2012,10400,559076,11741
2017-12-21,KINDEX 200,105190,-,300000,729030,23457
2017-12-21,KISCO홀딩스,001940,-,-,17895,1285
2017-12-21,KODEX 건설,117700,-,-,32000,88
2017-12-21,KODEX 기계장비,102960,-,-,1000,5
2017-12-21,KODEX 바이오,244580,-,-,958,10
2017-12-21,KODEX 삼성그룹,102780,-,-,142170,949
2017-12-21,KODEX 에너지화학,117460,-,-,210000,2843
2017-12-21,KODEX 은행,091170,-,-,122498,1126
2017-12-21,KODEX 증권,102970,-,-,806524,5626
2017-12-21,KODEX 코스닥 150,229200,-,8844,493112,6290
2017-12-21,KODEX 200,069500,744196,1792884,58612100,1874122
2017-12-21,KOSEF 단기자금,130730,-,-,8000,815
2017-12-21,KOSEF 미국달러선물,138230,-,-,100000,1112
2017-12-21,KOSEF 200,069660,-,-,1466124,47414
2017-12-21,KPX케미칼,025000,322,322,35757,2625
2017-12-21,KPX홀딩스,092230,7,-,1543,101
2017-12-21,KR모터스,000040,-,12000,4956223,1611
2017-12-21,KSS해운,044450,12690,-,289283,2601
2017-12-21,KT,030200,18510,158112,1004496,31240
2017-12-21,KT&G,033780,37454,564958,2588527,311918
2017-12-21,KTB투자증권,030210,-,29435,1011538,4147
2017-12-21,KTcs,058850,-,-,617367,1454
2017-12-21,LF,093050,1821,4108,866557,27773
2017-12-21,LG,003550,24245,557937,4893957,435073
2017-12-21,LG디스플레이,034220,242891,562331,40633684,1198694
2017-12-21,LG상사,001120,55491,23468,1908923,51350
2017-12-21,LG생명과학,068870,-,-,-,-
2017-12-21,LG생활건강,051900,936,21808,625814,742841
2017-12-21,LG생활건강우,051905,321,1036,21763,14821
2017-12-21,LG우,003555,711,426,35174,1773
2017-12-21,LG유플러스,032640,16818,213843,3754777,54069
2017-12-21,LG이노텍,011070,120329,69751,1672198,232436
2017-12-21,LG전자,066570,79439,801749,7312853,726166
2017-12-21,LG전자우,066575,1758,54858,97594,4362
2017-12-21,LG하우시스,108670,1867,3096,94077,8984
2017-12-21,LG하우시스우,108675,-,-,2674,149
2017-12-21,LG화학,051910,22063,251133,1510886,590756
2017-12-21,LG화학우,051915,1876,14066,137304,33571
2017-12-21,LIG넥스원,079550,3907,34933,1601686,90495
2017-12-21,LS,006260,5961,33083,1607380,113963
2017-12-21,LS네트웍스,000680,-,-,379905,1104
2017-12-21,LS산전,010120,9017,10407,578403,37018
2017-12-21,LS전선아시아,229640,-,-,74804,474
2017-12-21,MH에탄올,023150,154,-,99044,637
2017-12-21,NAVER,035420,4069,157955,721438,607451
2017-12-21,NH농협증권,016420,-,-,-,-
2017-12-21,NH투자증권,005940,15185,330982,5772467,80237
2017-12-21,NH투자증권우,005945,2705,195095,90376,828
2017-12-21,NHN엔터테인먼트,181710,33074,104398,1163062,76995
2017-12-21,NI스틸,008260,-,-,477202,1393
2017-12-21,NICE,034310,7443,15634,129036,1813
2017-12-21,NPC,004250,-,-,190437,1034
2017-12-21,OCI,010060,61616,132959,3382112,439675
2017-12-21,POSCO,005490,66187,34075,2585739,871394
2017-12-21,S&T모티브,064960,4760,4671,220006,10087
2017-12-21,S&T중공업,003570,100,100,231177,1757
2017-12-21,S&T홀딩스,036530,98,-,37977,604
2017-12-21,S&TC,100840,36,-,43037,684
2017-12-21,S-Oil,010950,59579,133310,1428646,177152
2017-12-21,S-Oil우,010955,1183,6883,121625,12527
2017-12-21,SBS,034120,459,2034,81062,2213
2017-12-21,SBS미디어홀딩스,101060,160529,9397,738891,2316
2017-12-21,SG세계물산,004060,-,94,4510563,3951
2017-12-21,SG충방,001380,-,-,178143,682
2017-12-21,SH에너지화학,002360,2606,-,2325996,3222
2017-12-21,SIMPAC,009160,-,-,183978,730
2017-12-21,SJM,123700,-,-,311082,1555
2017-12-21,SJM홀딩스,025530,-,-,120977,594
2017-12-21,SK,003600,-,-,-,-
2017-12-21,SK,034730,2650,174711,828293,230680
2017-12-21,SK가스,018670,9146,10250,264887,24608
2017-12-21,SK네트웍스,001740,84350,495507,6392232,41741
2017-12-21,SK디스커버리,006120,-,-,884743,74495
2017-12-21,SK디스커버리우,006125,-,-,111952,4534
2017-12-21,SK디앤디,210980,391,426,270021,8762
2017-12-21,SK우,003605,-,-,-,-
2017-12-21,SK우,03473K,-,-,1416,225
2017-12-21,SK이노베이션,096770,12819,40213,2755007,557889
2017-12-21,SK이노베이션우,096775,126,21,15832,2240
2017-12-21,SK증권,001510,643754,2190656,23240914,26495
2017-12-21,SK증권우,001515,-,-,11242,40
2017-12-21,SK텔레콤,017670,3349,147245,273521,74398
2017-12-21,SK하이닉스,000660,365027,6246179,26188723,2016532
2017-12-21,SKC,011790,1076,17673,787881,33958
2017-12-21,SPC삼립,005610,3438,2418,267576,40805
2017-12-21,STX,011810,-,8,812585,19380
2017-12-21,STX엔진,077970,-,-,258599,2123
2017-12-21,STX조선해양,067250,-,-,-,-
2017-12-21,STX중공업,071970,-,6,904515,4039
2017-12-21,TBH글로벌,084870,-,4466,300236,2246
2017-12-21,TCC동양,002710,-,-,514920,958
2017-12-21,TIGER 경기방어,139280,-,-,6000,83
2017-12-21,TIGER 단기통안채,157450,-,-,4000,405
2017-12-21,TIGER 증권,157500,-,-,559752,2404
2017-12-21,TIGER 코스닥150,232080,-,40000,113620,1445
2017-12-21,TIGER 헬스케어,143860,-,-,65922,2232
2017-12-21,TIGER 200,102110,-,-,857234,27474
2017-12-21,TIGER 200동일가중,252000,-,-,30540,337
2017-12-21,TIGER 200 금융,139270,-,20000,-,-
2017-12-21,TIGER 200 에너지화학,139250,-,-,80000,1230
2017-12-21,TIGER 200 IT,139260,-,-,200656,4611
2017-12-21,WISCOM,024070,-,-,284241,1202
2017-12-21,YG PLUS,037270,20898,6000,703529,1316
